{
  "ProjectId": 1,
  "AlgorithmId": 1,
  "Groups": [
    [0.7442000000000002, 0.9535999999999999, 0.9425000000000001, 2.77225, 0.5024500000000001, 0.4929999999999999, 0.8882000000000002, 0.466, 1.5098499999999997, 0.09685000000000007, 1.1006500000000001, 1.2860500000000001, 1.3977, 1.7628500000000005, 0.34424999999999994, 1.2700999999999998, 1.46, 0.31684999999999997, 1.2768999999999997, 3.32825, 1.0495999999999999, 2.563999999999999, 5.42665, 1.7560999999999996, 3.0928000000000004, 4.281250000000001, 4.35285, 0.4013000000000001, 0.5666, 1.04045],
    [0.19885000000000003, 1.0122499999999999, 1.4380999999999995, 1.2025000000000001, 1.3112500000000002, 1.4209, 1.0490499999999998, 4.02625, 3.9632000000000005, 1.2325000000000002, 0.21049999999999994, 3.7945, 5.170100000000001, 4.59145, 2.42365, 3.34945, 1.2366500000000005, 1.5417999999999998, 2.12225, 2.1061, 1.7545000000000002, 1.6741000000000001, 0.9038499999999998, 0.5618500000000001, 0.19359999999999997, 1.1498499999999998, 0.2882500000000001, 0.08845000000000007, 0.13645000000000002]
  ]
}